full_name,language
szvone/imgApi,php
0xDkd/auxpi,go
cu233/PicGitApi,go
Xhofe/imgbed,ts
jinfagang/picbed,go
TransparentLC/free-img,py
EngiGu/ImageBed,py
likeyun/likeyun-imgupload,php
szvone/imgApiJava,java
J3n5en/sinaPicHostingApi,js
echisan/wbp4j,java
guonning/UpImg,js
BlueSkyXN/Allinone-FigureBed,php
jingxiang/imagehosting,java
Mikubill/transfer,go
ThedoRap/Figure-bed,php
yzqdev/auxpi,go
ClawHub/go-figure-bed,go
upimg-backup/upimg-mirror,js
chwl66/image,php
wangxiaochong666/gallery-api,ts
hzfvictory/transition,js
mjf78504/moe-tu,php
juzeon/mobile-acg,php
ShareX/CustomUploaders,sxcu
anishanne/sharex-zendesk,sxcu
muta0001/sharex-configs,sxcu
iAJue/Alibaba_pic,php
apachecn/CDNDrive,py
liufeiworkwy/cqto-image-bed,java
mqcc08/image-bed,java
BlueSkyXN-Backup/Ali-FigureBed,php
shier144/112,php
leipengkai/video,py
LemonPrefect/sDelivr,cs
Crayon-ShinChan/elezoo-server,js
HYLCWR/onedriveDevelopmentplan,php
jialezi666/uploadpic,js
wzfree/imgs,js
JesseJeson/img,js
jialezi/imgs,js
tdouguo/pic,js
anwen-anyi/imgAnwen,js
jarodvip/upt,js
fln0018/upp,js
509514600/tuchuang,js
shaonl0/upp-tuchaung-back,js
le666666/jike,js
fzxx/img-image,js
zjboy1984/lbzt,js
Xiaoleng233/PhotoLine,js
gd1214b/FigureBed,js
zixiwangluo/tc,js
XinChou16/graph-bed-tool,js
BerBai/picUp,js
tickmao/uploadimage,js
wimotek/wimotek.github.io,js
dalaolala/4to1pic,js
SubeiZ/S,js
liulaotou/FigureBed,js
zjzjcp/KIENG-FigureBed,js
weiyouwozuiku/PictureBed,js
zzxupp/ImgBed,js
doublog/public_host,js
fjl2496627108/KIENG-FigureBed2,js
9c6/KIENG-FigureBed,js
arm64v8a/CDNDrive-go,go
chendss/imageBed,js
233lol/Baijia-imgpool-tools,py
icexmoon/markdown-img,py
ayi0z/pichostproxy,php
203535211/203535211.github.io,js
missuo/ImageHosting,php
yangyumax/tuku,php
lolitals/api_up,php
dy5200/yblogimg,java
pwndrer4/tuchuang,js
eryajf/shellabout,js
Xicrosoft/Photo,js
BUCDN/UPIMG,js
g4826057/JDcould,js
BlueSkyXN/KIENG-FigureBed,js
mcfen-img/mcfen-img.github.io,js
lblblong/imgbed,ts
hanhanheleilei/Figure-bed,php
FoXiMao/sinaimg,js
203535211/eeo.github.io,js
xiaou66/utools-pictureBed,js
clover1420/Imageupload,py
